,ND,intensity
0,7,9.354108439
1,6,10.35410844
2,5,11.35410844
3,4,12.35410844
4,3,13.35410844
5,2,14.35410844
6,1,15.35410844
